<application>
  <component name="AndroidLogcatFilterHistory">
    <option name="nonFavorites">
      <list>
        <option value="package:mine " />
        <option value="package:com.keylogic.ordermanagementforphones" />
        <option value="package:com.keylogic.ordermanagementforphones " />
        <option value="package:mine" />
        <option value="order data" />
        <option value="===" />
        <option value="====" />
        <option value="===&gt;" />
        <option value="orderDetailsFragment" />
        <option value="keyboard" />
        <option value="package:com.project.markerdemo" />
        <option value="preloadData" />
        <option value="com." />
        <option value="package:com.project.markerdemohome " />
        <option value="DB_HELPER" />
        <option value="date" />
        <option value="LifeCycle" />
        <option value="LIFECYCLE" />
        <option value="MainActivity" />
        <option value="Area" />
      </list>
    </option>
  </component>
</application>