<application>
  <component name="ConsoleFoldingSettings">
    <option name="addedPositive">
      <list>
        <option value="com.keylogic.ordermanagementforphones:e067eee9: onRequestHide at ORIGIN_CLIENT reason HIDE_SOFT_INPUT fromUser tru" />
      </list>
    </option>
    <option name="removedPositive">
      <list>
        <option value="at java.util.Spliterators$" />
        <option value="at com.intellij.rt.execution." />
        <option value="at org.junit.internal.runners." />
        <option value="at junit.framework.Assert.assert" />
        <option value="at junit.framework.TestCase.assert" />
        <option value="at groovy." />
        <option value="at java.awt.LightweightDispatcher." />
        <option value="at java.util.stream.AbstractPipeline.wrapAndCopyInto(" />
        <option value="at org.junit.Assert.failNotSame(" />
        <option value="at junit.framework.TestResult" />
        <option value="at java.util.stream.FindOps" />
        <option value="at com.intellij.junit3." />
        <option value="at org.junit.jupiter." />
        <option value="at org.junit.Assert.fail(" />
        <option value="at java.util.ArrayList$ArrayListSpliterator" />
        <option value="at java.awt.Component.dispatchEvent(" />
        <option value="at javax.swing.JComponent.processMouseEvent(" />
        <option value="at org.junit.platform." />
        <option value="at org.junit.vintage." />
        <option value="at java.awt.EventDispatchThread" />
        <option value="at javax.swing.plaf.basic.BasicMenuItemUI" />
        <option value="at java.security.ProtectionDomain$1.doIntersectionPrivilege(" />
        <option value="at java.util.concurrent.ThreadPoolExecutor" />
        <option value="at java.awt.EventQueue.dispatchEventImpl(" />
        <option value="java.lang.reflect.Constructor.newInstance(" />
        <option value="at java.awt.Component.dispatchEventImpl(" />
        <option value="at java.util.stream.AbstractPipeline.copyInto(" />
        <option value="at java.security.AccessController.doPrivileged(" />
        <option value="at com.sun.proxy.$Proxy" />
        <option value="at java.awt.Window.dispatchEventImpl(" />
        <option value="at junit.framework.Assert.fail" />
        <option value="at org.testng.internal." />
        <option value="at java.awt.Component.processEvent(" />
        <option value="at java.awt.Container.dispatchEventImpl(" />
        <option value="at junit.framework.TestCase.run" />
        <option value="at org.junit.Assert.internalArrayEquals(" />
        <option value="at java.util.stream.ForEachOps" />
        <option value="at sun.reflect." />
        <option value="at sun.rmi." />
        <option value="at org.testng.SuiteRunner." />
        <option value="at javax.swing.DefaultButtonModel.setPressed(" />
        <option value="at org.junit.rules." />
        <option value="at java.util.concurrent.FutureTask." />
        <option value="at java.awt.EventQueue" />
        <option value="at com.intellij.rt.junit." />
        <option value="at javax.swing.AbstractButton.doClick(" />
        <option value="at org.junit.internal.ComparisonCriteria.arrayEquals(" />
        <option value="at java.rmi." />
        <option value="at com.intellij.junit5." />
        <option value="at junit.framework.TestSuite.run" />
        <option value="at java.awt.event.InvocationEvent.dispatch(" />
        <option value="at com.jgoodies.binding.beans.ExtendedPropertyChangeSupport.firePropertyChange0(" />
        <option value="at javax.swing.DefaultButtonModel.fireActionPerformed(" />
        <option value="at javax.swing.AbstractButton$Handler.actionPerformed(" />
        <option value="at org.junit.runners." />
        <option value="at org.testng.TestNG.run" />
        <option value="at org.testng.TestRunner." />
        <option value="at javax.swing.plaf.basic.BasicComboPopup$Handler.mouseReleased(" />
        <option value="at java.awt.Container.processEvent(" />
        <option value="at java.util.stream.ReduceOps" />
        <option value="java.lang.Thread.run(" />
        <option value="at java.util.concurrent.Executors$" />
        <option value="at org.mockito.internal." />
        <option value="at javax.swing.AbstractButton.fireActionPerformed(" />
        <option value="at java.util.stream.WhileOps" />
        <option value="at java.security.AccessController.doPrivileged(Native Method)" />
        <option value="at java.util.concurrent.CompletableFuture$AsyncSupply.run(" />
        <option value="at java.security.AccessControlContext$1.doIntersectionPrivilege(" />
        <option value="at java.util.stream.AbstractPipeline.evaluate(" />
        <option value="at java.base/jdk.internal" />
        <option value="java.lang.reflect.Method.invoke(" />
        <option value="at kotlinx.coroutines." />
        <option value="at java.awt.Component.processMouseEvent(" />
        <option value="at org.junit.Assert.assert" />
        <option value="at java.util.stream.MatchOps" />
        <option value="at org.codehaus.groovy." />
        <option value="at java.util.stream.ReferencePipeline" />
        <option value="at org.junit.Assert.failSame(" />
        <option value="at com.intellij.junit4." />
        <option value="at org.gradle." />
        <option value="at java.security.ProtectionDomain$JavaSecurityAccessImpl.doIntersectionPrivilege(" />
        <option value="at java.util.stream.DistinctOps" />
        <option value="at org.junit.runner.JUnitCore." />
        <option value="at java.util.stream.SliceOps" />
      </list>
    </option>
  </component>
</application>