<application>
  <component name="GeneralSettings">
    <option name="showTipsOnStartup" value="false" />
    <option name="confirmOpenNewProject2" value="-1" />
    <option name="processCloseConfirmation" value="TERMINATE" />
  </component>
  <component name="Registry">
    <entry key="editor.paint.empty.text" value="false" source="SYSTEM" />
    <entry key="ide.experimental.ui" value="true" source="SYSTEM" />
  </component>
  <component name="StatusBar">
    <option name="widgets">
      <map>
        <entry key="CodeStyleStatusBarWidget" value="false" />
        <entry key="Encoding" value="false" />
        <entry key="LineSeparator" value="false" />
        <entry key="Memory" value="true" />
        <entry key="ReadOnlyAttribute" value="false" />
        <entry key="SendFeedbackPanel" value="false" />
      </map>
    </option>
  </component>
</application>