<application>
  <component name="ProjectManager">
    <defaultProject>
      <component name="AutoImportSettings">
        <option name="autoReloadType" value="NONE" />
      </component>
      <component name="PropertiesComponent">{
  &quot;keyToString&quot;: {
    &quot;last_opened_file_path&quot;: &quot;D:/Dixit&quot;,
    &quot;settings.editor.selected.configurable&quot;: &quot;dev.polek.adbwifi.settings.AdbWifiConfigurable&quot;
  }
}</component>
      <component name="VcsDirectoryMappings" defaultProject="true" />
      <component name="WindowStateProjectService">
        <state x="344" y="65" key="SettingsEditor.ideScale=115" timestamp="1746418571872">
          <screen x="0" y="0" width="1920" height="1040" />
        </state>
        <state x="344" y="65" key="SettingsEditor.ideScale=115/0.0.1920.1040" timestamp="1746418571872" />
      </component>
      <component name="masterDetails">
        <states>
          <state key="ProjectJDKs.UI">
            <settings>
              <last-edited>11</last-edited>
              <splitter-proportions>
                <option name="proportions">
                  <list>
                    <option value="0.2" />
                  </list>
                </option>
              </splitter-proportions>
            </settings>
          </state>
        </states>
      </component>
    </defaultProject>
  </component>
</application>