<application>
  <component name="StudioBotSettings">
    <option name="acceptedTermsVersion" value="3" />
    <option name="contextSharingModeV2" value="AlwaysShare" />
    <option name="onboardedVersion" value="3" />
    <option name="queryHistory">
      <list>
        <historyEntry timestamp="1749557756285">i want to apply badge to icon just like notification icon on app, but i want to apply in app filter icon if filter is applied, in the addMenuProvider, in filter 



    private void setActionBarMenu() {

        addMenuProvider(new MenuProvider() {

            @Override

            public void onCreateMenu(@NonNull Menu menu, @NonNull MenuInflater menuInflater) {

                menuInflater.inflate(R.menu.activity_main_menu, menu);

            }



            @Override

            public boolean onMenuItemSelected(@NonNull MenuItem item) {

                if (drawerToggle.onOptionsItemSelected(item)) {

                    return true;

                } else if (item.getItemId() == R.id.filter) {

                    getSupportFragmentManager().beginTransaction().add(new FilterBottomSheetFragmentDialog(), &quot;BottomSheet&quot;).commit();

                    return true;

                } else if (item.getItemId() == R.id.select_multi_measurement) {

                    getSupportFragmentManager().beginTransaction().replace(R.id.container, new MultiMeasureSelect(), &quot;multi_select&quot;).commit();

                    return true;

                }

                return false;

            }

        });

    }



here is the menu resource file

&lt;menu xmlns:android=&quot;http://schemas.android.com/apk/res/android&quot;

    xmlns:app=&quot;http://schemas.android.com/apk/res-auto&quot;&gt;

    &lt;item

        android:id=&quot;@+id/filter&quot;

        android:icon=&quot;@drawable/baseline_filter_list_alt_24&quot;

        android:title=&quot;@string/filter&quot;

        app:showAsAction=&quot;ifRoom&quot; /&gt;

    &lt;item

        android:id=&quot;@+id/select_multi_measurement&quot;

        android:icon=&quot;@drawable/baseline_playlist_add_check_24&quot;

        android:title=&quot;@string/select_multiple&quot;

        app:showAsAction=&quot;ifRoom&quot; /&gt;

&lt;/menu&gt;</historyEntry>
        <historyEntry timestamp="1737960718936">Explain: FATAL EXCEPTION: main
Process: com.project.markerdemo, PID: 31712
java.lang.IllegalStateException: Room cannot verify the data integrity. Looks like you've changed schema but forgot to update the version number. You can simply fix this by increasing the version number. Expected identity hash: 2f2478bc54d47338fe7ec0d2eb76e2c0, found: 13b244b91383d9beb8ae3dac74c62df2
at androidx.room.RoomOpenHelper.checkIdentity(RoomOpenHelper.kt:146)
at androidx.room.RoomOpenHelper.onOpen(RoomOpenHelper.kt:127) with tag AndroidRuntime</historyEntry>
        <historyEntry timestamp="1737960534570">Explain: Build configuration failed!
java.lang.IllegalArgumentException: Must pass in a valid surface control if only instrument surface;
at com.android.internal.jank.InteractionJankMonitor$Configuration.validate(InteractionJankMonitor.java:833)
at com.android.internal.jank.InteractionJankMonitor$Configuration.&lt;init&gt;(InteractionJankMonitor.java:774)
at com.android.internal.jank.InteractionJankMonitor$Configuration.&lt;init&gt;(Unknown Source:0) with tag InteractionJankMonitor</historyEntry>
        <historyEntry timestamp="1737959538010">Unchecked cast: 'java. lang. Object' to 'java. util. List&lt;com. google. android. gms. maps. model. LatLng&gt;'</historyEntry>
        <historyEntry timestamp="1737950005790">private void changeCurrentLayout(ConstraintLayout layout) {
        if (layout == normalLayout) {
            resetModes();
//            clearMapOverlays();
            if (toolbar.getVisibility() == View.GONE)
                toolbar.setVisibility(View.VISIBLE);

            if (customToolbar.getVisibility() == View.VISIBLE)
                customToolbar.setVisibility(View.GONE);
            getCurrentMapLayer().setVisibility(View.GONE);
            setCurrentMapLayer(layout);
            currentActiveLayer.setVisibility(View.VISIBLE);
            return;
        }
        if (currentActiveLayer != null) {
            if (toolbar.getVisibility() == View.VISIBLE)
                toolbar.setVisibility(View.GONE);
            if (customToolbar.getVisibility() == View.GONE)
                customToolbar.setVisibility(View.VISIBLE);
            getCurrentMapLayer().setVisibility(View.GONE);
            setCurrentMapLayer(layout);
            currentActiveLayer.setVisibility(View.VISIBLE);
        }
    }

can we optimize this method?</historyEntry>
        <historyEntry timestamp="1737698872140">convert this method in to thread method that generate bitmap in thread so the performance of app will increase, so use thread</historyEntry>
        <historyEntry timestamp="1737634060745">public class MapScroller {
    private Handler handler;
    private CalculationsHelper mCalculationsHelper;
    private final GoogleMap mMap;
    private TimerTask mScrollTask;
    private Runnable mScrollUiRunnable;
    private Point motionVector;
    private boolean movingMap;
    private int paddingBottom;
    private int paddingLeft;
    private int paddingRight;
    private int paddingTop;
    private Point referencePoint;
    private Function1&lt;? super Point, Unit&gt; scrollChangeListener;
    private Timer timer;

    public MapScroller(GoogleMap mMap, CalculationsHelper mCalculationsHelper) {
        Intrinsics.checkNotNullParameter(mMap, &quot;mMap&quot;);
        Intrinsics.checkNotNullParameter(mCalculationsHelper, &quot;mCalculationsHelper&quot;);
        this.mMap = mMap;
        this.mCalculationsHelper = mCalculationsHelper;
        this.timer = new Timer();
        this.motionVector = new Point(0, 0);
        Looper myLooper = Looper.myLooper();
        Intrinsics.checkNotNull(myLooper);
        this.handler = new Handler(myLooper);
        this.mScrollUiRunnable = new Runnable() { // from class: lt.farmis.libraries.map.measure.measures.edit.MapScroller$$ExternalSyntheticLambda0
            @Override // java.lang.Runnable
            public final void run() {
                MapScroller.mScrollUiRunnable$lambda$0(MapScroller.this);
            }
        };
        this.paddingTop = this.mCalculationsHelper.convertDpToPixel(60.0f);
        this.paddingLeft = this.mCalculationsHelper.convertDpToPixel(60.0f);
        this.paddingRight = this.mCalculationsHelper.convertDpToPixel(60.0f);
        this.paddingBottom = this.mCalculationsHelper.convertDpToPixel(150.0f);
    }

    public final CalculationsHelper getMCalculationsHelper() {
        return this.mCalculationsHelper;
    }

    public final GoogleMap getMMap() {
        return this.mMap;
    }

    public final void setMCalculationsHelper(CalculationsHelper calculationsHelper) {
        Intrinsics.checkNotNullParameter(calculationsHelper, &quot;&lt;set-?&gt;&quot;);
        this.mCalculationsHelper = calculationsHelper;
    }

    public final Function1&lt;Point, Unit&gt; getScrollChangeListener() {
        return this.scrollChangeListener;
    }

    public final void setScrollChangeListener(Function1&lt;? super Point, Unit&gt; function1) {
        this.scrollChangeListener = function1;
    }

    public final int getPaddingTop() {
        return this.paddingTop;
    }

    public final void setPaddingTop(int i) {
        this.paddingTop = i;
    }

    public final int getPaddingLeft() {
        return this.paddingLeft;
    }

    public final void setPaddingLeft(int i) {
        this.paddingLeft = i;
    }

    public final int getPaddingRight() {
        return this.paddingRight;
    }

    public final void setPaddingRight(int i) {
        this.paddingRight = i;
    }

    public final int getPaddingBottom() {
        return this.paddingBottom;
    }

    public final void setPaddingBottom(int i) {
        this.paddingBottom = i;
    }

    public final Timer getTimer() {
        return this.timer;
    }

    public final void setTimer(Timer timer) {
        Intrinsics.checkNotNullParameter(timer, &quot;&lt;set-?&gt;&quot;);
        this.timer = timer;
    }

    public final TimerTask getMScrollTask() {
        return this.mScrollTask;
    }

    public final void setMScrollTask(TimerTask timerTask) {
        this.mScrollTask = timerTask;
    }

    public final Point getMotionVector() {
        return this.motionVector;
    }

    public final void setMotionVector(Point point) {
        Intrinsics.checkNotNullParameter(point, &quot;&lt;set-?&gt;&quot;);
        this.motionVector = point;
    }

    public final Point getReferencePoint() {
        return this.referencePoint;
    }

    public final void setReferencePoint(Point point) {
        this.referencePoint = point;
    }

    public final Handler getHandler() {
        return this.handler;
    }

    public final void setHandler(Handler handler) {
        Intrinsics.checkNotNullParameter(handler, &quot;&lt;set-?&gt;&quot;);
        this.handler = handler;
    }

    /* JADX INFO: Access modifiers changed from: private */
    public static final void mScrollUiRunnable$lambda$0(MapScroller this$0) {
        Intrinsics.checkNotNullParameter(this$0, &quot;this$0&quot;);
        this$0.scrollUiRunnableRun();
    }

    public final Runnable getMScrollUiRunnable() {
        return this.mScrollUiRunnable;
    }

    public final void setMScrollUiRunnable(Runnable runnable) {
        Intrinsics.checkNotNullParameter(runnable, &quot;&lt;set-?&gt;&quot;);
        this.mScrollUiRunnable = runnable;
    }

    public final boolean getMovingMap() {
        return this.movingMap;
    }

    public final void setMovingMap(boolean z) {
        this.movingMap = z;
    }

    protected void scrollUiRunnableRun() {
        Function1&lt;? super Point, Unit&gt; function1;
        if (this.motionVector.x == 0 &amp;&amp; this.motionVector.y == 0) {
            return;
        }
        this.mMap.moveCamera(CameraUpdateFactory.scrollBy(this.motionVector.x, this.motionVector.y));
        Point point = this.referencePoint;
        if (point == null || (function1 = this.scrollChangeListener) == null) {
            return;
        }
        function1.invoke(point);
    }

    public void onMarkerMoved(Projection projection, Point point) {
        Intrinsics.checkNotNullParameter(projection, &quot;projection&quot;);
        Intrinsics.checkNotNullParameter(point, &quot;point&quot;);
        Point calculateMotion = calculateMotion(projection, point);
        this.motionVector = calculateMotion;
        this.referencePoint = point;
        if (calculateMotion.x != 0 || this.motionVector.y != 0) {
            if (this.movingMap) {
                return;
            }
            TimerTask timerTask = new TimerTask() { // from class: lt.farmis.libraries.map.measure.measures.edit.MapScroller$onMarkerMoved$1
                @Override // java.util.TimerTask, java.lang.Runnable
                public void run() {
                    MapScroller.this.getHandler().post(MapScroller.this.getMScrollUiRunnable());
                }
            };
            this.mScrollTask = timerTask;
            this.timer.scheduleAtFixedRate(timerTask, 0L, 10L);
            this.movingMap = true;
            return;
        }
        endScroll();
    }

    protected final Point calculateMotion(Projection projection, Point point) {
        int i;
        int i2;
        Intrinsics.checkNotNullParameter(projection, &quot;projection&quot;);
        Intrinsics.checkNotNullParameter(point, &quot;point&quot;);
        VisibleRegion visibleRegion = projection.getVisibleRegion();
        Intrinsics.checkNotNullExpressionValue(visibleRegion, &quot;getVisibleRegion(...)&quot;);
        int i3 = 0;
        Point point2 = new Point(0, 0);
        int i4 = projection.toScreenLocation(visibleRegion.farLeft).y + this.paddingTop;
        int i5 = projection.toScreenLocation(visibleRegion.farLeft).x + this.paddingLeft;
        int i6 = projection.toScreenLocation(visibleRegion.nearRight).y - this.paddingBottom;
        int i7 = projection.toScreenLocation(visibleRegion.nearRight).x - this.paddingRight;
        if (point.x &lt; i5) {
            i = point.x - i5;
        } else {
            i = point.x &gt; i7 ? point.x - i7 : 0;
        }
        point2.x = i;
        if (point.y &lt; i4) {
            i3 = point.y - i4;
        } else if (point.y &gt; i6) {
            i3 = point.y - i6;
        }
        point2.y = i3;
        if (point2.x != 0 || point2.y != 0) {
            point2.x = (int) (point2.x * 0.4d);
            point2.y = (int) (point2.y * 0.4d);
            int i8 = -15;
            if (point2.x &gt; 15) {
                i2 = 15;
            } else {
                i2 = point2.x &lt; -15 ? -15 : point2.x;
            }
            point2.x = i2;
            if (point2.y &gt; 15) {
                i8 = 15;
            } else if (point2.y &gt;= -15) {
                i8 = point2.y;
            }
            point2.y = i8;
        }
        return point2;
    }

    public void endScroll() {
        TimerTask timerTask = this.mScrollTask;
        if (timerTask != null) {
            timerTask.cancel();
        }
        this.timer.purge();
        this.movingMap = false;
        this.referencePoint = null;
    }
}

what this code is doing?</historyEntry>
        <historyEntry timestamp="1737530483578">sendCancelIfRunning: isInProgress=falsecallback=com.google.android.material.motion.MaterialBackOrchestrator$Api34BackCallbackDelegate$1@7faa4c</historyEntry>
        <historyEntry timestamp="1737523603201">public Bitmap generateTextBitmap(LatLng f1, LatLng f2) {
        double distance = SphericalUtil.computeDistanceBetween(f1, f2);
        Rect rect = new Rect();
        String renderDistance = mapUtils.formatDistance(distance);
        if (renderDistance == null) {
            renderDistance = &quot;&quot;;
        }
        Paint paint = new Paint();
        paint.setColor(context.getColor(R.color.textColor));
        paint.setTextSize(45.0f);
        paint.setAntiAlias(true);
        paint.getTextBounds(renderDistance, 0, renderDistance.length(), rect);

        Bitmap createBitmap = Bitmap.createBitmap(rect.width() + 20, rect.height() + 20, Bitmap.Config.ARGB_8888);

        Canvas canvas = new Canvas(createBitmap);
        canvas.drawColor(context.getColor(R.color.textViewBackgroundColor));
        canvas.drawText(renderDistance, 10.0f, rect.height() + 10.0f, paint);
        return createBitmap;
    }

use thread for improving performance of this code</historyEntry>
        <historyEntry timestamp="1737179634817">convert above provided code in java</historyEntry>
        <historyEntry timestamp="1737179600531">in java</historyEntry>
        <historyEntry timestamp="1737179393518">public Marker findMarkerAtLocation(MotionEvent event, GoogleMap map, List&lt;Marker&gt; markers) {
        for (Marker marker : markers) {
            LatLng position = marker.getPosition();
            Point markerScreenPosition = map.getProjection().toScreenLocation(position);

            float dx = Math.abs(event.getX() - markerScreenPosition.x);
            float dy = Math.abs(event.getY() - markerScreenPosition.y);
            float touchableAreaX = (marker.getTag() == RED_MARKER_TAG) ?
                    convertDpToPixel(DRAGGABLE_MARKER_WIDTH) :
                    convertDpToPixel(NORMAL_MARKER_TOUCHABLE_AREA);
            float touchableAreaY = (marker.getTag() == RED_MARKER_TAG) ?
                    convertDpToPixel(DRAGGABLE_MARKER_HEIGHT):
                    convertDpToPixel(NORMAL_MARKER_TOUCHABLE_AREA);

            if (dx &lt;= touchableAreaX &amp;&amp; dy &lt;= touchableAreaY) {
                return marker;
            }
        }
        return null;
    }

this method is returning marker which are in the touch point from the cetner, if i need the marker from the touch point from the top from y and center from x how can i do that ?</historyEntry>
        <historyEntry timestamp="1737114836741">i want to increase toucha area for the red marker in this code 
    public Marker findMarkerAtLocation(MotionEvent event, GoogleMap map, List&lt;Marker&gt; markers) {
        for (Marker marker : markers) {
            LatLng position = marker.getPosition();
            Point markerScreenPosition = map.getProjection().toScreenLocation(position);

            float dx = Math.abs(event.getX() - markerScreenPosition.x);
            float dy = Math.abs(event.getY() - markerScreenPosition.y);

            if (dx &lt;= TOUCHABLE_AREA &amp;&amp; dy &lt;= TOUCHABLE_AREA) {
                return marker;
            }
        }
        return null;
    }

in this current code it is the touchable area only for the marker normal marker icon, i want to increase touchable area for red marker which is custom dragging icon which enables when user taps or drags on the normal marker, so how can i increase the touchable area for that marker</historyEntry>
      </list>
    </option>
  </component>
</application>