<application>
  <component name="Trusted.Paths">
    <option name="TRUSTED_PROJECT_PATHS">
      <map>
        <entry key="C:\Users\hp\AppData\Local\Android\AttendanceProject" value="true" />
        <entry key="C:\Users\hp\AppData\Local\Android\Attendencesystem" value="true" />
        <entry key="C:\Users\hp\AppData\Local\Android\Calculater" value="true" />
        <entry key="C:\Users\hp\AppData\Local\Android\CalculatorApp" value="true" />
        <entry key="C:\Users\hp\AppData\Local\Android\DemoKotlinproject" value="true" />
        <entry key="C:\Users\hp\AppData\Local\Android\Expensetracker" value="true" />
        <entry key="C:\Users\hp\AppData\Local\Android\MusicApp" value="true" />
        <entry key="C:\Users\hp\AppData\Local\Android\PracticeProject" value="true" />
        <entry key="C:\Users\hp\AppData\Local\Android\RecyclerViewDemo" value="true" />
        <entry key="C:\Users\hp\AppData\Local\Android\Sdk" value="true" />
        <entry key="C:\Users\hp\AppData\Local\Android\ViewPracticeAndroid" value="true" />
        <entry key="C:\Users\hp\AppData\Local\Android\mind-reader" value="true" />
        <entry key="C:\Users\hp\Desktop\resources" value="true" />
        <entry key="C:\Users\hp\Documents\touch drag copy" value="true" />
        <entry key="C:\Users\hp\Documents\touch-drag-marker-demo" value="true" />
        <entry key="D:\Dixit\AttendanceProject" value="true" />
        <entry key="D:\Dixit\Bill-app" value="true" />
        <entry key="D:\Dixit\DNoteApp" value="true" />
        <entry key="D:\Dixit\Distance-calculator-demo" value="true" />
        <entry key="D:\Dixit\Distance-measuring-experimental" value="true" />
        <entry key="D:\Dixit\MapsMeasure" value="true" />
        <entry key="D:\Dixit\Projects\Animations" value="true" />
        <entry key="D:\Dixit\Projects\CardGenerationProject" value="true" />
        <entry key="D:\Dixit\Projects\DistanceCalculator" value="true" />
        <entry key="D:\Dixit\Projects\DistanceFieldMeasurement" value="true" />
        <entry key="D:\Dixit\Projects\DrawerMainDemo" value="true" />
        <entry key="D:\Dixit\Projects\Drawermenudemo" value="true" />
        <entry key="D:\Dixit\Projects\Example" value="true" />
        <entry key="D:\Dixit\Projects\FieldArea" value="true" />
        <entry key="D:\Dixit\Projects\FieldMeasurement" value="true" />
        <entry key="D:\Dixit\Projects\FirstComposeApp" value="true" />
        <entry key="D:\Dixit\Projects\Fragmentlifecyclewithdrawermenu" value="true" />
        <entry key="D:\Dixit\Projects\GroupExpanseTracker" value="true" />
        <entry key="D:\Dixit\Projects\GroupExpenseTracker" value="true" />
        <entry key="D:\Dixit\Projects\MarkerTouchDemo" value="true" />
        <entry key="D:\Dixit\Projects\MemeApp" value="true" />
        <entry key="D:\Dixit\Projects\Music-app" value="true" />
        <entry key="D:\Dixit\Projects\NetworkApidemo" value="true" />
        <entry key="D:\Dixit\Projects\OrderManagement" value="true" />
        <entry key="D:\Dixit\Projects\OrderManagementForPhones" value="true" />
        <entry key="D:\Dixit\Projects\Rajawali3DExample" value="true" />
        <entry key="D:\Dixit\Projects\TicTacToeGame" value="true" />
        <entry key="D:\Dixit\Projects\TouchDemo" value="true" />
        <entry key="D:\Dixit\Projects\TouchDemo - Copy" value="true" />
        <entry key="D:\Dixit\Projects\XpenseTracker" value="true" />
        <entry key="D:\Dixit\Projects\ZebraScanningDemo" value="true" />
        <entry key="D:\Dixit\Projects\Zebradocsdemo" value="true" />
        <entry key="D:\Dixit\Projects\card-animation-android" value="true" />
        <entry key="D:\Dixit\Projects\demo" value="true" />
        <entry key="D:\Dixit\Projects\distance-navigation-demo" value="true" />
        <entry key="D:\Dixit\Projects\drawer_demo" value="true" />
        <entry key="D:\Dixit\Projects\fragmentDemo" value="true" />
        <entry key="D:\Dixit\Projects\googleMarker demo" value="true" />
        <entry key="D:\Dixit\Projects\undoRedoDemo" value="true" />
        <entry key="D:\Dixit\RajawaliExamples" value="true" />
        <entry key="D:\Dixit\Tictactoe_in_Android" value="true" />
        <entry key="D:\Dixit\android-maps-utils" value="true" />
        <entry key="D:\Dixit\card-animation-android" value="true" />
        <entry key="D:\Dixit\debugged apks\Field area measure" value="true" />
        <entry key="D:\Dixit\libgdxProject" value="true" />
        <entry key="D:\Dixit\mind-reader-app" value="true" />
      </map>
    </option>
  </component>
  <component name="Trusted.Paths.Settings">
    <option name="TRUSTED_PATHS">
      <list>
        <option value="C:\Users\hp\AppData\Local\Android" />
        <option value="D:\Dixit" />
        <option value="C:\Users\hp\Documents" />
      </list>
    </option>
  </component>
</application>