<application>
  <component name="DimensionService">
    <location key="WELCOME_SCREEN.0.0.1600.900" x="800" y="300" />
    <size key="GridCell.Tab.0.left.0.0.1600.900" width="1518" height="241" />
    <size key="GridCell.Tab.0.center.0.0.1600.900" width="1518" height="241" />
    <size key="GridCell.Tab.0.right.0.0.1600.900" width="1518" height="241" />
    <size key="GridCell.Tab.0.bottom.0.0.1600.900" width="1518" height="241" />
  </component>
  <component name="WindowManager">
    <frame x="-8" y="-8" width="1610" height="870" extendedState="6" />
  </component>
  <component name="WindowStateApplicationService">
    <state width="871" height="107" key="ShowUsagesActions.dimensionServiceKey" timestamp="1751043162043">
      <screen x="0" y="0" width="1600" height="860" />
    </state>
    <state width="871" height="107" key="ShowUsagesActions.dimensionServiceKey/0.0.1600.860" timestamp="1751043162043" />
    <state x="800" y="300" key="WELCOME_SCREEN" timestamp="1750726808244">
      <screen x="0" y="0" width="1600" height="860" />
    </state>
    <state x="800" y="300" key="WELCOME_SCREEN/0.0.1600.860" timestamp="1750726808244" />
  </component>
</application>