<application>
  <component name="DimensionService">
    <location key="WELCOME_SCREEN.0.0.1920.1080" x="960" y="300" />
    <location key="find.popup.0.0.1920.1080" x="901" y="292" />
    <location key="find.popup.0.0.1920.1080@120dpi" x="368" y="211" />
    <size key="GridCell.Tab.0.left.0.0.1920.1080" width="1854" height="281" />
    <size key="GridCell.Tab.0.center.0.0.1920.1080" width="1854" height="281" />
    <size key="GridCell.Tab.0.right.0.0.1920.1080" width="1854" height="281" />
    <size key="GridCell.Tab.0.bottom.0.0.1920.1080" width="1854" height="281" />
    <size key="find.popup.0.0.1920.1080" width="848" height="630" />
    <size key="GridCell.Tab.0.right.0.0.1920.1080@120dpi" width="1838" height="341" />
    <size key="GridCell.Tab.0.left.0.0.1920.1080@120dpi" width="1838" height="341" />
    <size key="GridCell.Tab.0.center.0.0.1920.1080@120dpi" width="1838" height="341" />
    <size key="GridCell.Tab.0.bottom.0.0.1920.1080@120dpi" width="1838" height="341" />
    <size key="GridCell.Tab.1.left.0.0.1920.1080@120dpi" width="1838" height="303" />
    <size key="GridCell.Tab.1.center.0.0.1920.1080@120dpi" width="1838" height="303" />
    <size key="GridCell.Tab.1.right.0.0.1920.1080@120dpi" width="1838" height="303" />
    <size key="GridCell.Tab.1.bottom.0.0.1920.1080@120dpi" width="1838" height="303" />
    <size key="GridCell.Tab.1.left.0.0.1920.1080" width="1854" height="281" />
    <size key="GridCell.Tab.1.center.0.0.1920.1080" width="1854" height="281" />
    <size key="GridCell.Tab.1.right.0.0.1920.1080" width="1854" height="281" />
    <size key="GridCell.Tab.1.bottom.0.0.1920.1080" width="1854" height="281" />
    <size key="find.popup.0.0.1920.1080@120dpi" width="1226" height="716" />
    <size key="javadoc.popup.new.0.0.1920.1080@120dpi" width="563" height="377" />
  </component>
  <component name="WindowManager">
    <frame x="-8" y="-8" width="1936" height="1056" extendedState="6" />
  </component>
  <component name="WindowStateApplicationService">
    <state x="687" y="173" key="FileChooserDialogImpl" timestamp="1750330906314">
      <screen x="0" y="0" width="1920" height="1040" />
    </state>
    <state x="687" y="173" key="FileChooserDialogImpl/0.0.1920.1040" timestamp="1750330906314" />
    <state x="934" y="170" width="750" height="415" key="RegExHelpPopup" timestamp="1752668263783">
      <screen x="0" y="0" width="1920" height="1040" />
    </state>
    <state x="934" y="170" width="750" height="415" key="RegExHelpPopup/0.0.1920.1040" timestamp="1752668263783" />
    <state width="1128" height="174" key="ShowUsagesActions.dimensionServiceKey" timestamp="1758000980543">
      <screen x="0" y="0" width="1920" height="1040" />
    </state>
    <state width="1128" height="174" key="ShowUsagesActions.dimensionServiceKey/0.0.1920.1040" timestamp="1758000980543" />
    <state x="960" y="481" width="1000" height="813" key="WELCOME_SCREEN" timestamp="1755669265081">
      <screen x="0" y="0" width="1920" height="1040" />
    </state>
    <state x="960" y="481" width="1000" height="813" key="WELCOME_SCREEN/0.0.1920.1040" timestamp="1755669265081" />
    <state width="375" height="645" key="manage.recent.projects.popup" timestamp="1751626689123">
      <screen x="0" y="0" width="1920" height="1040" />
    </state>
    <state width="375" height="645" key="manage.recent.projects.popup/0.0.1920.1040" timestamp="1751626689123" />
  </component>
</application>