<keymap version="1" name="Windows copy" parent="$default">
  <action id="ActivateBookmarksToolWindow" />
  <action id="ActivateFindToolWindow" />
  <action id="ActivateLogcatToolWindow">
    <keyboard-shortcut first-keystroke="alt 3" />
  </action>
  <action id="ActivateProblemsViewToolWindow" />
  <action id="ActivateRunningDevicesToolWindow">
    <keyboard-shortcut first-keystroke="alt 2" />
  </action>
  <action id="NewClass">
    <keyboard-shortcut first-keystroke="ctrl alt windows" />
  </action>
  <action id="NewDir">
    <keyboard-shortcut first-keystroke="alt p" />
  </action>
  <action id="SelectNextOccurrence">
    <keyboard-shortcut first-keystroke="alt h" />
  </action>
  <action id="UpdateRunningApplication" />
  <action id="android.deploy.ApplyChanges">
    <keyboard-shortcut first-keystroke="ctrl f10" />
  </action>
  <action id="android.deploy.CodeSwap">
    <keyboard-shortcut first-keystroke="ctrl alt f10" />
  </action>
  <action id="copilot.disposeInlays" />
</keymap>